name,party,constituency,phone
Ms Diane Abbott,Labour,Hackney North and Stoke Newington, 020 7219 4426
Debbie Abrahams,Labour,Oldham East and Saddleworth, 020 7219 1041
Nigel Adams,Conservative,Selby and Ainsty, 020 7219 7141
Adam Afriyie,Conservative,Windsor, 020 7219 8023
Ms Tasmina Ahmed-Sheikh,Scottish National Party,Ochil and South Perthshire, 020 7219 5588
Peter Aldous,Conservative,Waveney, 020 7219 7182
Heidi Alexander,Labour,Lewisham East, 020 7219 7099
Rushanara Ali,Labour,Bethnal Green and Bow, 020 7219 7200
Lucy Allan,Conservative,Telford, 020 7219 4815
Mr Graham Allen,Labour,Nottingham North, 020 7219 5065
Heidi Allen,Conservative,South Cambridgeshire, 020 7219 5091
Sir David Amess,Conservative,Southend West, 020 7219 3452
Mr David Anderson,Labour,Blaydon, 020 7219 4348
Stuart Andrew,Conservative,Pudsey, 020 7219 7130
Caroline Ansell,Conservative,Eastbourne, 020 7219 6863
Edward Argar,Conservative,Charnwood, 020 7219 8140
Richard Arkless,Scottish National Party,Dumfries and Galloway, 020 7219 6959
Jonathan Ashworth,Labour (Co-op),Leicester South,NA
Victoria Atkins,Conservative,Louth and Horncastle, 020 7219 5897
Ian Austin,Labour,Dudley North, 020 7219 8012
Mr Richard Bacon,Conservative,South Norfolk, 020 7219 8301
Mr Adrian Bailey,Labour (Co-op),West Bromwich West, 020 7219 6060
Mr Steve Baker,Conservative,Wycombe, 020 7219 3547
Harriett Baldwin,Conservative,West Worcestershire, 020 7219 3000
Stephen Barclay,Conservative,North East Cambridgeshire, 020 7219 7117
Hannah Bardell,Scottish National Party,Livingston, 020 7219 5907
Mr John Baron,Conservative,Basildon and Billericay, 020 7219 8138
Rt Hon Kevin Barron,Labour,Rother Valley, 020 7219 4432
Gavin Barwell,Conservative,Croydon Central, 020 7219 2119
Guto Bebb,Conservative,Aberconwy, 020 7219 7002
Rt Hon Margaret Beckett,Labour,Derby South, 020 7219 5135
Sir Henry Bellingham,Conservative,North West Norfolk, 020 7219 8234
Rt Hon Hilary Benn,Labour,Leeds Central, 020 7219 5770
Richard Benyon,Conservative,Newbury, 020 7219 8319
Rt Hon John Bercow,Speaker,Buckingham, 020 7219 5300
Sir Paul Beresford,Conservative,Mole Valley, 020 7219 5018
Luciana Berger,Labour (Co-op),"Liverpool, Wavertree", 020 7219 7102
Jake Berry,Conservative,Rossendale and Darwen, 020 7219 7214
James Berry,Conservative,Kingston and Surbiton, 020 3026 4614
Mr Clive Betts,Labour,Sheffield South East, 020 7219 5114
Andrew Bingham,Conservative,High Peak, 020 7219 8479
Mhairi Black,Scottish National Party,Paisley and Renfrewshire South, 020 7219 5558
Ian Blackford,Scottish National Party,"Ross, Skye and Lochaber", 020 7219 5292
Bob Blackman,Conservative,Harrow East, 020 7219 7082
Kirsty Blackman,Scottish National Party,Aberdeen North, 020 7219 8791
Dr Roberta Blackman-Woods,Labour,City of Durham, 020 7219 4982
Nicola Blackwood,Conservative,Oxford West and Abingdon, 020 7219 7126
Tom Blenkinsop,Labour,Middlesbrough South and East Cleveland,NA
Paul Blomfield,Labour,Sheffield Central, 020 7219 7142
Crispin Blunt,Conservative,Reigate, 020 7219 2254
Nick Boles,Conservative,Grantham and Stamford, 020 7219 7079
Mr Peter Bone,Conservative,Wellingborough, 020 7219 8496
Victoria Borwick,Conservative,Kensington, 020 7219 6100
Philip Boswell,Scottish National Party,"Coatbridge, Chryston and Bellshill", 020 7219 8059
Sir Peter Bottomley,Conservative,Worthing West, 020 7219 5060
Karen Bradley,Conservative,Staffordshire Moorlands, 020 7219 7215
Rt Hon Ben Bradshaw,Labour,Exeter, 020 7219 6597
Mr Graham Brady,Conservative,Altrincham and Sale West, 020 7219 1260
Mickey Brady,Sinn Fein,Newry and Armagh, 020 7219 5775
Rt Hon Tom Brake,Liberal Democrat,Carshalton and Wallington, 020 7219 0924
Mr Julian Brazier,Conservative,Canterbury, 020 7219 5178
Kevin Brennan,Labour,Cardiff West, 020 7219 8156
Andrew Bridgen,Conservative,North West Leicestershire, 020 7219 7238
Steve Brine,Conservative,Winchester, 020 7219 7189
Deidre Brock,Scottish National Party,Edinburgh North and Leith, 020 7219 6647
Rt Hon James Brokenshire,Conservative,Old Bexley and Sidcup, 020 7219 8400
Alan Brown,Scottish National Party,Kilmarnock and Loudoun, 020 7219 6093
Lyn Brown,Labour,West Ham, 020 7219 6999
Rt Hon Nicholas Brown,Labour,Newcastle upon Tyne East, 020 7219 6814
Fiona Bruce,Conservative,Congleton, 020 7219 7042
Chris Bryant,Labour,Rhondda, 020 7219 8315
Ms Karen Buck,Labour,Westminster North, 020 7219 3000
Robert Buckland,Conservative,South Swindon, 020 7219 7168
Richard Burden,Labour,"Birmingham, Northfield", 020 7219 2318
Richard Burgon,Labour,Leeds East, 020 7219 5980
Rt Hon Andy Burnham,Labour,Leigh, 020 7219 8250
Conor Burns,Conservative,Bournemouth West, 020 7219 7021
Rt Hon Sir Simon Burns,Conservative,Chelmsford, 020 7219 6811
Mr David Burrowes,Conservative,"Enfield, Southgate", 020 7219 8144
Rt Hon Alistair Burt,Conservative,North East Bedfordshire, 020 7219 8132
Dawn Butler,Labour,Brent Central, 020 7219 8591
Rt Hon Liam Byrne,Labour,"Birmingham, Hodge Hill", 020 7219 6953
Ruth Cadbury,Labour,Brentford and Isleworth, 020 7219 8590
Rt Hon Alun Cairns,Conservative,Vale of Glamorgan, 020 7219 7175
Rt Hon David Cameron,Conservative,Witney, 020 7219 3475
Dr Lisa Cameron,Scottish National Party,"East Kilbride, Strathaven and Lesmahagow", 020 7219 6855
Rt Hon Alan Campbell,Labour,Tynemouth, 020 7219 6619
Mr Gregory Campbell,Democratic Unionist Party,East Londonderry, 020 7219 8495
Mr Ronnie Campbell,Labour,Blyth Valley, 020 7219 4216
Rt Hon Alistair Carmichael,Liberal Democrat,Orkney and Shetland, 020 7219 8181
Neil Carmichael,Conservative,Stroud, 020 7219 3000
Mr Douglas Carswell,UK Independence Party,Clacton, 020 7219 8397
James Cartlidge,Conservative,South Suffolk, 020 7219 4875
Sir William Cash,Conservative,Stone, 020 7219 6330
Maria Caulfield,Conservative,Lewes, 020 7219 5946
Alex Chalk,Conservative,Cheltenham, 020 7219 8087
Sarah Champion,Labour,Rotherham,NA
Douglas Chapman,Scottish National Party,Dunfermline and West Fife, 020 7219 6888
Jenny Chapman,Labour,Darlington,NA
Joanna Cherry QC,Scottish National Party,Edinburgh South West, 020 7219 6646
Rehman Chishti,Conservative,Gillingham and Rainham, 020 7219 7075
Mr Christopher Chope,Conservative,Christchurch, 020 7219 5808
Jo Churchill,Conservative,Bury St Edmunds, 020 7219 8487
Rt Hon Greg Clark,Conservative,Tunbridge Wells, 020 7219 6977
Rt Hon Kenneth Clarke QC,Conservative,Rushcliffe,NA
Rt Hon Nick Clegg,Liberal Democrat,"Sheffield, Hallam", 020 7219 3000
James Cleverly,Conservative,Braintree, 020 7219 8593
Geoffrey Clifton-Brown,Conservative,The Cotswolds, 020 7219 5147
Rt Hon Ann Clwyd,Labour,Cynon Valley, 020 7219 6609
Vernon Coaker,Labour,Gedling, 020 7219 6627
Ann Coffey,Labour,Stockport, 020 7219 4546
Dr Thérèse Coffey,Conservative,Suffolk Coastal, 020 7219 7164
Damian Collins,Conservative,Folkestone and Hythe, 020 7219 7072
Oliver Colvile,Conservative,"Plymouth, Sutton and Devonport", 020 7219 7219
Julie Cooper,Labour,Burnley, 020 7219 8521
Rosie Cooper,Labour,West Lancashire,NA
Rt Hon Yvette Cooper,Labour,"Normanton, Pontefract and Castleford", 020 7219 5080
Rt Hon Jeremy Corbyn,Labour,Islington North, 020 7219 3545
Alberto Costa,Conservative,South Leicestershire, 020 7219 4936
Ronnie Cowan,Scottish National Party,Inverclyde, 020 7219 6122
Mr Geoffrey Cox QC,Conservative,Torridge and West Devon, 020 7219 4719
Jo Cox,Labour,Batley and Spen, 020 7219 8747
Neil Coyle,Labour,Bermondsey and Old Southwark, 020 7219 8733
Rt Hon Stephen Crabb,Conservative,Preseli Pembrokeshire, 020 7219 6518
Mr David Crausby,Labour,Bolton North East, 020 7219 4092
Angela Crawley,Scottish National Party,Lanark and Hamilton East, 020 7219 6044
Mary Creagh,Labour,Wakefield, 020 7219 8766
Stella Creasy,Labour (Co-op),Walthamstow, 020 7219 6980
Tracey Crouch,Conservative,Chatham and Aylesford, 020 7219 7203
Jon Cruddas,Labour,Dagenham and Rainham, 020 7219 8161
John Cryer,Labour,Leyton and Wanstead, 020 7219 7100
Judith Cummins,Labour,Bradford South, 020 7219 8607
Alex Cunningham,Labour,Stockton North, 020 7219 7157
Mr Jim Cunningham,Labour,Coventry South, 020 7219 6362
Nic Dakin,Labour,Scunthorpe, 020 7219 0446
Simon Danczuk,Independent,Rochdale, 020 7219 3000
Wayne David,Labour,Caerphilly, 020 7219 8152
Byron Davies,Conservative,Gower, 020 7219 6295
Chris Davies,Conservative,Brecon and Radnorshire, 020 7219 8592
David T. C. Davies,Conservative,Monmouth, 020 7219 3000
Geraint Davies,Labour (Co-op),Swansea West, 020 7219 7166
Glyn Davies,Conservative,Montgomeryshire, 020 7219 7112
Dr James Davies,Conservative,Vale of Clwyd, 020 7219 4627
Mims Davies,Conservative,Eastleigh, 020 7219 6853
Philip Davies,Conservative,Shipley, 020 7219 8264
Rt Hon David Davis,Conservative,Haltemprice and Howden, 020 7219 5900
Martyn Day,Scottish National Party,Linlithgow and East Falkirk, 020 7219 5930
Gloria De Piero,Labour,Ashfield, 020 7219 7004
Thangam Debbonaire,Labour,Bristol West, 020 7219 0974
Caroline Dinenage,Conservative,Gosport, 020 7219 7078
Mr Jonathan Djanogly,Conservative,Huntingdon, 020 7219 2367
Martin Docherty-Hughes,Scottish National Party,West Dunbartonshire, 020 7219 4609
Rt Hon Nigel Dodds,Democratic Unionist Party,Belfast North, 020 7219 8419
Mr Pat Doherty,Sinn Fein,West Tyrone, 020 7219 8159
Rt Hon Jeffrey M. Donaldson,Democratic Unionist Party,Lagan Valley, 020 7219 3407
Stuart Blair Donaldson,Scottish National Party,West Aberdeenshire and Kincardine, 020 7219 4618
Michelle Donelan,Conservative,Chippenham, 020 7219 4451
Nadine Dorries,Conservative,Mid Bedfordshire, 020 7219 5928
Steve Double,Conservative,St Austell and Newquay, 020 7219 4408
Stephen Doughty,Labour (Co-op),Cardiff South and Penarth, 020 7219 5348
Jim Dowd,Labour,Lewisham West and Penge, 020 7219 4617
Peter Dowd,Labour,Bootle, 020 7219 8671
Oliver Dowden,Conservative,Hertsmere, 020 7219 6239
Jackie Doyle-Price,Conservative,Thurrock, 020 7219 7171
Richard Drax,Conservative,South Dorset, 020 7219 7051
Jack Dromey,Labour,"Birmingham, Erdington", 020 7219 0903
Mrs Flick Drummond,Conservative,Portsmouth South, 020 7219 5470
James Duddridge,Conservative,Rochford and Southend East,NA
Michael Dugher,Labour,Barnsley East, 020 7219 7006
Rt Hon Sir Alan Duncan,Conservative,Rutland and Melton, 020 7219 5204
Rt Hon Iain Duncan Smith,Conservative,Chingford and Woodford Green, 020 7219 2667
Mr Philip Dunne,Conservative,Ludlow, 020 7219 2388
Mark Durkan,Social Democratic & Labour Party,Foyle, 020 7219 5096
Ms Angela Eagle,Labour,Wallasey, 020 7219 3843
Maria Eagle,Labour,Garston and Halewood, 020 7219 0551
Jonathan Edwards,Plaid Cymru,Carmarthen East and Dinefwr, 020 7219 3000
Clive Efford,Labour,Eltham, 020 7219 4057
Julie Elliott,Labour,Sunderland Central, 020 7219 7165
Tom Elliott,Ulster Unionist Party,Fermanagh and South Tyrone, 020 7219 6466
Michael Ellis,Conservative,Northampton North, 020 7219 7220
Jane Ellison,Conservative,Battersea, 020 7219 7010
Mrs Louise Ellman,Labour (Co-op),"Liverpool, Riverside", 020 7219 5210
Mr Tobias Ellwood,Conservative,Bournemouth East, 020 7219 4349
Chris Elmore,Labour (Co-op),Ogmore,NA
Charlie Elphicke,Conservative,Dover, 020 7219 7052
Natascha Engel,Labour,North East Derbyshire, 020 7219 1015
Bill Esterson,Labour,Sefton Central, 020 7219 4403
George Eustice,Conservative,Camborne and Redruth, 020 7219 7032
Chris Evans,Labour (Co-op),Islwyn, 020 7219 5025
Graham Evans,Conservative,Weaver Vale, 020 7219 7183
Mr Nigel Evans,Conservative,Ribble Valley, 020 7219 6939
Rt Hon David Evennett,Conservative,Bexleyheath and Crayford, 020 7219 8403
Michael Fabricant,Conservative,Lichfield, 020 7219 5022
Rt Hon Michael Fallon,Conservative,Sevenoaks, 020 7219 6482
Paul Farrelly,Labour,Newcastle-under-Lyme, 020 7219 8391
Tim Farron,Liberal Democrat,Westmorland and Lonsdale, 020 7219 8498
Marion Fellows,Scottish National Party,Motherwell and Wishaw, 020 7219 5784
Suella Fernandes,Conservative,Fareham, 020 7219 6504
Margaret Ferrier,Scottish National Party,Rutherglen and Hamilton West, 020 7219 5278
Rt Hon Frank Field,Labour,Birkenhead, 020 7219 5193
Rt Hon Mark Field,Conservative,Cities of London and Westminster, 020 7219 8155
Jim Fitzpatrick,Labour,Poplar and Limehouse, 020 7219 5085
Robert Flello,Labour,Stoke-on-Trent South, 020 7219 3000
Colleen Fletcher,Labour,Coventry North East, 020 7219 8036
Rt Hon Caroline Flint,Labour,Don Valley, 020 7219 4407
Paul Flynn,Labour,Newport West, 020 7219 3478
Kevin Foster,Conservative,Torbay, 020 7219 4711
Yvonne Fovargue,Labour,Makerfield, 020 7219 3000
Rt Hon Dr Liam Fox,Conservative,North Somerset, 020 7219 4198
Vicky Foxcroft,Labour,"Lewisham, Deptford", 020 7219 5934
Rt Hon Mark Francois,Conservative,Rayleigh and Wickford, 020 7219 8287
Lucy Frazer,Conservative,South East Cambridgeshire, 020 7219 5082
George Freeman,Conservative,Mid Norfolk, 020 7219 1940
Mike Freer,Conservative,Finchley and Golders Green, 020 7219 7071
Richard Fuller,Conservative,Bedford, 020 7219 7012
Gill Furniss,Labour,"Sheffield, Brightside and Hillsborough",NA
Marcus Fysh,Conservative,Yeovil, 020 7219 4527
Sir Roger Gale,Conservative,North Thanet, 020 7219 4087
Mike Gapes,Labour (Co-op),Ilford South, 020 7219 6485
Barry Gardiner,Labour,Brent North, 020 7219 4046
Rt Hon Sir Edward Garnier QC,Conservative,Harborough, 020 7219 4034
Mark Garnier,Conservative,Wyre Forest, 020 7219 3000
Mr David Gauke,Conservative,South West Hertfordshire, 020 7219 4459
Stephen Gethins,Scottish National Party,North East Fife, 020 7219 5671
Nusrat Ghani,Conservative,Wealden, 020 7219 4619
Nick Gibb,Conservative,Bognor Regis and Littlehampton, 020 7219 6374
Patricia Gibson,Scottish National Party,North Ayrshire and Arran, 020 7219 5748
Rt Hon Cheryl Gillan,Conservative,Chesham and Amersham, 020 7219 4061
Pat Glass,Labour,North West Durham, 020 7219 7054
John Glen,Conservative,Salisbury, 020 7219 7138
Mary Glindon,Labour,North Tyneside, 020 7219 3000
Mr Roger Godsiff,Labour,"Birmingham, Hall Green", 020 7219 5191
Zac Goldsmith,Conservative,Richmond Park, 020 8939 0321
Helen Goodman,Labour,Bishop Auckland, 020 7219 4346
Mr Robert Goodwill,Conservative,Scarborough and Whitby, 020 7219 8268
Rt Hon Michael Gove,Conservative,Surrey Heath, 020 7219 6804
Patrick Grady,Scottish National Party,Glasgow North, 020 7219 6398
Richard Graham,Conservative,Gloucester, 020 7219 7077
Mrs Helen Grant,Conservative,Maidstone and The Weald, 020 7219 7107
Peter Grant,Scottish National Party,Glenrothes, 020 7219 6349
James Gray,Conservative,North Wiltshire, 020 7219 6237
Neil Gray,Scottish National Party,Airdrie and Shotts, 020 7219 8787
Rt Hon Chris Grayling,Conservative,Epsom and Ewell, 020 7219 8194
Chris Green,Conservative,Bolton West, 020 7219 8685
Rt Hon Damian Green,Conservative,Ashford, 020 7219 3518
Kate Green,Labour,Stretford and Urmston, 020 7219 7162
Rt Hon Justine Greening,Conservative,Putney, 020 7219 8300
Lilian Greenwood,Labour,Nottingham South, 020 7219 7122
Margaret Greenwood,Labour,Wirral West, 020 7219 4608
Rt Hon Dominic Grieve QC,Conservative,Beaconsfield, 020 7219 6220
Nia Griffith,Labour,Llanelli, 020 7219 4903
Andrew Griffiths,Conservative,Burton, 020 7219 7029
Ben Gummer,Conservative,Ipswich, 020 7219 7090
Andrew Gwynne,Labour,Denton and Reddish, 020 7219 4708
Mr Sam Gyimah,Conservative,East Surrey, 020 7219 3504
Louise Haigh,Labour,"Sheffield, Heeley",NA
Rt Hon Robert Halfon,Conservative,Harlow, 020 7219 7223
Luke Hall,Conservative,Thornbury and Yate, 020 7219 4741
Fabian Hamilton,Labour,Leeds North East, 020 7219 3493
Rt Hon Philip Hammond,Conservative,Runnymede and Weybridge, 020 7219 4055
Stephen Hammond,Conservative,Wimbledon, 020 7219 3401
Rt Hon Matthew Hancock,Conservative,West Suffolk, 020 7219 7186
Rt Hon Greg Hands,Conservative,Chelsea and Fulham, 020 7219 0809
Rt Hon David Hanson,Labour,Delyn, 020 7219 5064
Rt Hon Harriet Harman QC,Labour,Camberwell and Peckham, 020 7219 4218
Rt Hon Mark Harper,Conservative,Forest of Dean, 020 7219 5056
Richard Harrington,Conservative,Watford, 020 7219 7180
Carolyn Harris,Labour,Swansea East, 020 7219 4316
Rebecca Harris,Conservative,Castle Point, 020 7219 7206
Simon Hart,Conservative,Carmarthen West and South Pembrokeshire, 020 7219 7228
Rt Hon Sir Alan Haselhurst,Conservative,Saffron Walden, 020 7219 5214
Helen Hayes,Labour,Dulwich and West Norwood, 020 7219 6971
Rt Hon John Hayes,Conservative,South Holland and The Deepings, 020 7219 1389
Sue Hayman,Labour,Workington, 020 7219 4554
Sir Oliver Heald QC,Conservative,North East Hertfordshire,NA
Rt Hon John Healey,Labour,Wentworth and Dearne, 020 7219 6359
James Heappey,Conservative,Wells, 020 7219 4289
Chris Heaton-Harris,Conservative,Daventry, 020 7219 7048
Peter Heaton-Jones,Conservative,North Devon, 020 7219 5728
Gordon Henderson,Conservative,Sittingbourne and Sheppey, 020 7219 7144
Mr Mark Hendrick,Labour (Co-op),Preston, 020 7219 4791
Drew Hendry,Scottish National Party,"Inverness, Nairn, Badenoch and Strathspey", 020 7219 6118
Mr Stephen Hepburn,Labour,Jarrow, 020 7219 4134
Rt Hon Nick Herbert,Conservative,Arundel and South Downs, 020 7219 4080
Lady Hermon,Independent,North Down, 020 7219 8491
Meg Hillier,Labour (Co-op),Hackney South and Shoreditch, 020 7219 5325
Damian Hinds,Conservative,East Hampshire, 020 7219 7057
Simon Hoare,Conservative,North Dorset, 020 7219 5697
Rt Hon Dame  Margaret Hodge,Labour,Barking, 020 7219 6666
Mrs Sharon Hodgson,Labour,Washington and Sunderland West, 020 7219 5160
Kate Hoey,Labour,Vauxhall, 020 7219 5989
Kate Hollern,Labour,Blackburn, 020 7219 8692
George Hollingbery,Conservative,Meon Valley, 020 7219 7109
Kevin Hollinrake,Conservative,Thirsk and Malton, 020 7219 4746
Mr Philip Hollobone,Conservative,Kettering, 020 7219 8373
Adam Holloway,Conservative,Gravesham, 020 7219 8402
Kelvin Hopkins,Labour,Luton North, 020 7219 6670
Kris Hopkins,Conservative,Keighley, 020 7219 3000
Stewart Hosie,Scottish National Party,Dundee East, 020 7219 8164
Rt Hon George Howarth,Labour,Knowsley, 020 7219 6902
Sir Gerald Howarth,Conservative,Aldershot, 020 7219 5650
John Howell,Conservative,Henley, 020 7219 6676
Ben Howlett,Conservative,Bath, 020 7219 8755
Rt Hon Lindsay Hoyle,Labour,Chorley, 020 7219 3515
Nigel Huddleston,Conservative,Mid Worcestershire, 020 7219 5814
Rt Hon Jeremy Hunt,Conservative,South West Surrey, 020 7219 6813
Tristram Hunt,Labour,Stoke-on-Trent Central, 020 7219 1179
Dr Rupa Huq,Labour,Ealing Central and Acton, 020 7219 6865
Mr Nick Hurd,Conservative,"Ruislip, Northwood and Pinner", 020 7219 1053
Imran Hussain,Labour,Bradford East, 020 7219 8636
Mr Stewart Jackson,Conservative,Peterborough, 020 7219 5046
Margot James,Conservative,Stourbridge, 020 7219 7226
Dan Jarvis,Labour,Barnsley Central,NA
Rt Hon Sajid Javid,Conservative,Bromsgrove, 020 7219 7027
Mr Ranil Jayawardena,Conservative,North East Hampshire, 020 7219 3637
Mr Bernard Jenkin,Conservative,Harwich and North Essex, 020 7219 4029
Andrea Jenkyns,Conservative,Morley and Outwood, 020 7219 5798
Robert Jenrick,Conservative,Newark, 020 7219 7335
Rt Hon Alan Johnson,Labour,Kingston upon Hull West and Hessle, 020 7219 6637
Boris Johnson,Conservative,Uxbridge and South Ruislip, 020 7219 4682
Diana Johnson,Labour,Kingston upon Hull North, 020 7219 5647
Gareth Johnson,Conservative,Dartford, 020 7219 7047
Joseph Johnson,Conservative,Orpington, 020 7219 7125
Andrew Jones,Conservative,Harrogate and Knaresborough, 020 7219 3000
Rt Hon David Jones,Conservative,Clwyd West, 020 7219 8070
Gerald Jones,Labour,Merthyr Tydfil and Rhymney, 020 7219 5874
Graham Jones,Labour,Hyndburn, 020 7219 7089
Helen Jones,Labour,Warrington North, 020 7219 4048
Mr Kevan Jones,Labour,North Durham, 020 7219 8219
Mr Marcus Jones,Conservative,Nuneaton, 020 7219 7123
Susan Elan Jones,Labour,Clwyd South, 020 7219 0920
Mike Kane,Labour,Wythenshawe and Sale East, 020 7219 7524
Rt Hon Sir Gerald Kaufman,Labour,"Manchester, Gorton", 020 7219 5145
Daniel Kawczynski,Conservative,Shrewsbury and Atcham, 020 7219 6249
Barbara Keeley,Labour,Worsley and Eccles South, 020 7219 8025
Liz Kendall,Labour,Leicester West, 020 7219 3000
Seema Kennedy,Conservative,South Ribble, 020 7219 4412
George Kerevan,Scottish National Party,East Lothian, 020 7219 6770
Calum Kerr,Scottish National Party,"Berwickshire, Roxburgh and Selkirk", 020 7219 8729
Danny Kinahan,Ulster Unionist Party,South Antrim, 020 7219 5205
Stephen Kinnock,Labour,Aberavon, 020 7219 8801
Simon Kirby,Conservative,"Brighton, Kemptown", 020 7219 7024
Rt Hon Sir Greg Knight,Conservative,East Yorkshire, 020 7219 4077
Julian Knight,Conservative,Solihull, 020 7219 3577
Kwasi Kwarteng,Conservative,Spelthorne, 020 7219 4017
Peter Kyle,Labour,Hove, 020 7219 6133
Mrs Eleanor Laing,Conservative,Epping Forest, 020 7219 2086
Rt Hon Norman Lamb,Liberal Democrat,North Norfolk, 020 7219 0542
Rt Hon David Lammy,Labour,Tottenham, 020 7219 0767
Mark Lancaster,Conservative,Milton Keynes North, 020 7219 8414
Pauline Latham,Conservative,Mid Derbyshire, 020 7219 7110
Ian Lavery,Labour,Wansbeck, 020 7219 3000
Chris Law,Scottish National Party,Dundee West,NA
Andrea Leadsom,Conservative,South Northamptonshire, 020 7219 7149
Dr Phillip Lee,Conservative,Bracknell, 020 7219 1270
Jeremy Lefroy,Conservative,Stafford, 020 7219 7154
Sir Edward Leigh,Conservative,Gainsborough, 020 7219 6480
Charlotte Leslie,Conservative,Bristol North West, 020 7219 7026
Chris Leslie,Labour (Co-op),Nottingham East, 020 7219 3000
Rt Hon Oliver Letwin,Conservative,West Dorset,NA
Mrs Emma Lewell-Buck,Labour,South Shields, 020 7219 4468
Brandon Lewis,Conservative,Great Yarmouth, 020 7219 7231
Clive Lewis,Labour,Norwich South, 020 7219 5593
Mr Ivan Lewis,Labour,Bury South, 020 7219 2609
Rt Hon Dr Julian Lewis,Conservative,New Forest East, 020 7219 4179
Mr Ian Liddell-Grainger,Conservative,Bridgwater and West Somerset, 020 7219 8149
Rt Hon David Lidington,Conservative,Aylesbury, 020 7219 3432
Rt Hon Peter Lilley,Conservative,Hitchin and Harpenden, 020 7219 4577
Rebecca Long Bailey,Labour,Salford and Eccles, 020 7219 5275
Jack Lopresti,Conservative,Filton and Bradley Stoke, 020 7219 7070
Mr Jonathan Lord,Conservative,Woking, 020 7219 6913
Tim Loughton,Conservative,East Worthing and Shoreham, 020 7219 4471
Caroline Lucas,Green Party,"Brighton, Pavilion", 020 7219 7025
Ian C. Lucas,Labour,Wrexham, 020 7219 8346
Karen Lumley,Conservative,Redditch, 020 7219 7133
Holly Lynch,Labour,Halifax, 020 7219 6277
John Mc Nally,Scottish National Party,Falkirk, 020 7219 6525
Steve McCabe,Labour,"Birmingham, Selly Oak", 020 7219 3509
Callum McCaig,Scottish National Party,Aberdeen South, 020 7219 8789
Kerry McCarthy,Labour,Bristol East, 020 7219 4510
Jason McCartney,Conservative,Colne Valley, 020 7219 7041
Karl McCartney,Conservative,Lincoln, 020 7219 7221
Siobhain McDonagh,Labour,Mitcham and Morden, 020 7219 4678
Andy McDonald,Labour,Middlesbrough, 020 7219 4995
Stewart Malcolm McDonald,Scottish National Party,Glasgow South, 020 7219 6388
Stuart C. McDonald,Scottish National Party,"Cumbernauld, Kilsyth and Kirkintilloch East", 020 7219 7758
Dr Alasdair McDonnell,Social Democratic & Labour Party,Belfast South, 020 7219 8528
John McDonnell,Labour,Hayes and Harlington, 020 7219 3000
Rt Hon Pat McFadden,Labour,Wolverhampton South East, 020 7219 4036
Natalie McGarry,Independent,Glasgow East, 020 7219 6421
Conor McGinn,Labour,St Helens North, 020 7219 4367
Alison McGovern,Labour,Wirral South, 020 7219 7190
Liz McInnes,Labour,Heywood and Middleton, 020 7219 0684
Craig Mackinlay,Conservative,South Thanet, 020 7219 4442
Catherine McKinnell,Labour,Newcastle upon Tyne North, 020 7219 7115
David Mackintosh,Conservative,Northampton South, 020 7219 5756
Anne McLaughlin,Scottish National Party,Glasgow North East, 020 7219 6397
Rt Hon Patrick McLoughlin,Conservative,Derbyshire Dales, 020 7219 3511
Jim McMahon,Labour,Oldham West and Royton, 020 7219 3000
Angus Brendan MacNeil,Scottish National Party,Na h-Eileanan an Iar, 020 7219 8476
Stephen McPartland,Conservative,Stevenage, 020 7219 7156
Rt Hon Fiona Mactaggart,Labour,Slough, 020 7219 3416
Justin Madders,Labour,Ellesmere Port and Neston, 020 7219 6584
Mr Khalid Mahmood,Labour,"Birmingham, Perry Barr", 020 7219 8141
Shabana Mahmood,Labour,"Birmingham, Ladywood", 020 7219 7818
Mrs Anne Main,Conservative,St Albans, 020 7219 8270
Mr Alan Mak,Conservative,Havant, 020 7219 6266
Seema Malhotra,Labour (Co-op),Feltham and Heston, 020 7219 8957
Kit Malthouse,Conservative,North West Hampshire, 020 7219 5605
John Mann,Labour,Bassetlaw, 020 7219 8345
Scott Mann,Conservative,North Cornwall, 020 7219 5744
Rob Marris,Labour,Wolverhampton South West, 020 7219 4564
Gordon Marsden,Labour,Blackpool South, 020 7219 1262
Rachael Maskell,Labour (Co-op),York Central, 020 7219 4525
Paul Maskey,Sinn Fein,Belfast West,NA
Christian Matheson,Labour,City of Chester, 020 7219 8078
Dr Tania Mathias,Conservative,Twickenham, 020 7219 4696
Rt Hon Theresa May,Conservative,Maidenhead, 020 7219 5206
Paul Maynard,Conservative,Blackpool North and Cleveleys, 020 7219 7017
Sir Alan Meale,Labour,Mansfield, 020 7219 4159
Ian Mearns,Labour,Gateshead, 020 7219 7074
Mark Menzies,Conservative,Fylde, 020 7219 7073
Johnny Mercer,Conservative,"Plymouth, Moor View",NA
Huw Merriman,Conservative,Bexhill and Battle, 020 7219 8712
Stephen Metcalfe,Conservative,South Basildon and East Thurrock, 020 7219 7009
Rt Hon Edward Miliband,Labour,Doncaster North, 020 7219 7318
Rt Hon Maria Miller,Conservative,Basingstoke, 020 7219 5749
Amanda Milling,Conservative,Cannock Chase, 020 7219 8356
Nigel Mills,Conservative,Amber Valley, 020 7219 7233
Rt Hon Anne Milton,Conservative,Guildford, 020 7219 8392
Rt Hon Andrew Mitchell,Conservative,Sutton Coldfield, 020 7219 8516
Francie Molloy,Sinn Fein,Mid Ulster, 020 7219 3000
Carol Monaghan,Scottish National Party,Glasgow North West, 020 7219 6396
Dr Paul Monaghan,Scottish National Party,"Caithness, Sutherland and Easter Ross", 020 7219 8485
Mrs Madeleine Moon,Labour,Bridgend, 020 7219 0814
Penny Mordaunt,Conservative,Portsmouth North, 020 7219 7129
Jessica Morden,Labour,Newport East, 020 7219 6213
Rt Hon Nicky Morgan,Conservative,Loughborough, 020 7219 7224
Anne Marie Morris,Conservative,Newton Abbot, 020 7219 3000
David Morris,Conservative,Morecambe and Lunesdale, 020 7219 7234
Grahame Morris,Labour,Easington, 020 7219 1283
James Morris,Conservative,Halesowen and Rowley Regis, 020 7219 8715
Wendy Morton,Conservative,Aldridge-Brownhills, 020 7219 8784
David Mowat,Conservative,Warrington South, 020 7219 7178
Greg Mulholland,Liberal Democrat,Leeds North West, 020 7219 3833
Roger Mullin,Scottish National Party,Kirkcaldy and Cowdenbeath, 020 7219 6069
Rt Hon David Mundell,Conservative,"Dumfriesshire, Clydesdale and Tweeddale", 020 7219 4895
Ian Murray,Labour,Edinburgh South, 020 7219 7064
Mrs Sheryll Murray,Conservative,South East Cornwall, 020 7219 3000
Dr Andrew Murrison,Conservative,South West Wiltshire,NA
Lisa Nandy,Labour,Wigan, 020 7219 7188
Robert Neill,Conservative,Bromley and Chislehurst, 020 7219 8169
Gavin Newlands,Scottish National Party,Paisley and Renfrewshire North, 020 7219 5583
Sarah Newton,Conservative,Truro and Falmouth, 020 7219 7174
John Nicolson,Scottish National Party,East Dunbartonshire, 020 7219 6857
Caroline Nokes,Conservative,Romsey and Southampton North, 020 7219 7218
Jesse Norman,Conservative,Hereford and South Herefordshire, 020 7219 7084
Mr David Nuttall,Conservative,Bury North, 020 7219 7030
Dr Matthew Offord,Conservative,Hendon, 020 7219 7083
Brendan O'Hara,Scottish National Party,Argyll and Bute, 020 7219 8783
Melanie Onn,Labour,Great Grimsby, 020 7219 6282
Chi Onwurah,Labour,Newcastle upon Tyne Central, 020 7219 7114
Guy Opperman,Conservative,Hexham, 020 7219 7227
Kate Osamor,Labour (Co-op),Edmonton, 020 7219 6602
Rt Hon George Osborne,Conservative,Tatton, 020 7219 8214
Kirsten Oswald,Scottish National Party,East Renfrewshire, 020 7219 6675
Albert Owen,Labour,Ynys Môn, 020 7219 8415
Ian Paisley,Democratic Unionist Party,North Antrim, 020 7219 7116
Neil Parish,Conservative,Tiverton and Honiton, 020 7219 7172
Rt Hon Priti Patel,Conservative,Witham, 020 7219 3528
Rt Hon Owen Paterson,Conservative,North Shropshire, 020 7219 5185
Steven Paterson,Scottish National Party,Stirling, 020 7219 4356
Mark Pawsey,Conservative,Rugby, 020 7219 7136
Teresa Pearce,Labour,Erith and Thamesmead, 020 7219 6936
Rt Hon Mike Penning,Conservative,Hemel Hempstead, 020 7219 3000
Matthew Pennycook,Labour,Greenwich and Woolwich, 020 7219 6280
John Penrose,Conservative,Weston-super-Mare, 020 7219 2385
Andrew Percy,Conservative,Brigg and Goole, 020 7219 3000
Toby Perkins,Labour,Chesterfield, 020 7219 2320
Claire Perry,Conservative,Devizes, 020 7219 7050
Jess Phillips,Labour,"Birmingham, Yardley", 020 7219 8703
Stephen Phillips QC,Conservative,Sleaford and North Hykeham, 020 7219 7146
Bridget Phillipson,Labour,Houghton and Sunderland South, 020 7219 7087
Chris Philp,Conservative,Croydon South, 020 7219 8026
Rt Hon Sir Eric Pickles,Conservative,Brentwood and Ongar, 020 7219 4428
Christopher Pincher,Conservative,Tamworth, 020 7219 7169
Dr Poulter,Conservative,Central Suffolk and North Ipswich, 020 7219 7038
Stephen Pound,Labour,Ealing North, 020 7219 4312
Rebecca Pow,Conservative,Taunton Deane, 020 7219 4831
Lucy Powell,Labour (Co-op),Manchester Central, 020 7219 4402
Victoria Prentis,Conservative,Banbury, 020 7219 8756
Mr Mark Prisk,Conservative,Hertford and Stortford, 020 7219 6358
Mark Pritchard,Conservative,The Wrekin, 020 7219 8494
John Pugh,Liberal Democrat,Southport, 020 7219 8318
Tom Pursglove,Conservative,Corby, 020 7219 8043
Jeremy Quin,Conservative,Horsham, 020 7219 6341
Will Quince,Conservative,Colchester, 020 7219 8049
Yasmin Qureshi,Labour,Bolton South East, 020 7219 7019
Dominic Raab,Conservative,Esher and Walton, 020 7219 7069
Angela Rayner,Labour,Ashton-under-Lyne, 020 7219 8782
Rt Hon John Redwood,Conservative,Wokingham, 020 7219 4205
Mr Jamie Reed,Labour,Copeland, 020 7219 4706
Mr Steve Reed,Labour (Co-op),Croydon North, 020 7219 7297
Christina Rees,Labour,Neath, 020 7219 5783
Mr Jacob Rees-Mogg,Conservative,North East Somerset, 020 7219 7118
Rachel Reeves,Labour,Leeds West, 020 7219 7097
Emma Reynolds,Labour,Wolverhampton North East, 020 7219 6919
Jonathan Reynolds,Labour (Co-op),Stalybridge and Hyde, 020 7219 7155
Marie Rimmer,Labour,St Helens South and Whiston, 020 7219 4847
Ms Margaret Ritchie,Social Democratic & Labour Party,South Down, 020 7219 3000
Rt Hon Angus Robertson,Scottish National Party,Moray, 020 7219 8259
Mr Laurence Robertson,Conservative,Tewkesbury, 020 7219 4196
Gavin Robinson,Democratic Unionist Party,Belfast East, 020 7219 8746
Mr Geoffrey Robinson,Labour,Coventry North West, 020 7219 4083
Mary Robinson,Conservative,Cheadle, 020 7219 8091
Andrew Rosindell,Conservative,Romford, 020 7219 8475
Steve Rotheram,Labour,"Liverpool, Walton", 020 7219 7101
Rt Hon Amber Rudd,Conservative,Hastings and Rye, 020 7219 7229
David Rutley,Conservative,Macclesfield, 020 7219 7106
Rt Hon Joan Ryan,Labour,Enfield North, 020 7219 2442
Rt Hon Alex Salmond,Scottish National Party,Gordon, 020 7219 6335
Antoinette Sandbach,Conservative,Eddisbury, 020 7219 6671
Liz Saville Roberts,Plaid Cymru,Dwyfor Meirionnydd, 020 7219 6876
Paul Scully,Conservative,Sutton and Cheam, 020 7219 4837
Andrew Selous,Conservative,South West Bedfordshire, 020 7219 8134
Naz Shah,Independent,Bradford West, 020 7219 8603
Jim Shannon,Democratic Unionist Party,Strangford, 020 7219 7160
Rt Hon Grant Shapps,Conservative,Welwyn Hatfield, 020 7219 8497
Alok Sharma,Conservative,Reading West, 020 7219 7131
Mr Virendra Sharma,Labour,"Ealing, Southall", 020 7219 6080
Mr Barry Sheerman,Labour (Co-op),Huddersfield, 020 7219 5037
Alec Shelbrooke,Conservative,Elmet and Rothwell, 020 7219 3000
Tommy Sheppard,Scottish National Party,Edinburgh East, 020 7219 6653
Paula Sherriff,Labour,Dewsbury, 020 7219 6987
Mr Gavin Shuker,Labour (Co-op),Luton South, 020 7219 1130
Tulip Siddiq,Labour,Hampstead and Kilburn, 020 7219 6276
David Simpson,Democratic Unionist Party,Upper Bann, 020 7219 8533
Rt Hon Keith Simpson,Conservative,Broadland, 020 7219 4053
Chris Skidmore,Conservative,Kingswood, 020 7219 7094
Mr Dennis Skinner,Labour,Bolsover, 020 7219 5107
Andy Slaughter,Labour,Hammersmith, 020 7219 4990
Ruth Smeeth,Labour,Stoke-on-Trent North, 020 7219 4844
Rt Hon Andrew Smith,Labour,Oxford East, 020 7219 5102
Angela Smith,Labour,Penistone and Stocksbridge, 020 7219 6713
Cat Smith,Labour,Lancaster and Fleetwood, 020 7219 6001
Chloe Smith,Conservative,Norwich North, 020 7219 8449
Henry Smith,Conservative,Crawley, 020 7219 7043
Jeff Smith,Labour,"Manchester, Withington", 020 7219 5878
Julian Smith,Conservative,Skipton and Ripon, 020 7219 7145
Nick Smith,Labour,Blaenau Gwent, 020 7219 7018
Owen Smith,Labour,Pontypridd, 020 7219 7128
Royston Smith,Conservative,"Southampton, Itchen", 020 7219 5226
Karin Smyth,Labour,Bristol South,NA
Rt Hon Sir Nicholas Soames,Conservative,Mid Sussex, 020 7219 4143
Amanda Solloway,Conservative,Derby North, 020 7219 6992
Rt Hon Anna Soubry,Conservative,Broxtowe, 020 7219 7211
Rt Hon John Spellar,Labour,Warley, 020 7219 0674
Rt Hon Caroline Spelman,Conservative,Meriden, 020 7219 4189
Mark Spencer,Conservative,Sherwood, 020 7219 7143
Keir Starmer,Labour,Holborn and St Pancras, 020 7219 6234
Chris Stephens,Scottish National Party,Glasgow South West, 020 7219 6381
Andrew Stephenson,Conservative,Pendle, 020 7219 7222
Jo Stevens,Labour,Cardiff Central, 020 7219 8290
John Stevenson,Conservative,Carlisle, 020 7219 3000
Bob Stewart,Conservative,Beckenham, 020 7219 7011
Iain Stewart,Conservative,Milton Keynes South, 020 7219 7230
Rory Stewart,Conservative,Penrith and The Border, 020 7219 7127
Mr Gary Streeter,Conservative,South West Devon, 020 7219 5033
Wes Streeting,Labour,Ilford North, 020 7219 6132
Mel Stride,Conservative,Central Devon, 020 7219 7037
Graham Stringer,Labour,Blackley and Broughton, 020 7219 5235
Rt Hon Gisela Stuart,Labour,"Birmingham, Edgbaston", 020 7219 4853
Graham Stuart,Conservative,Beverley and Holderness, 020 7219 4340
Julian Sturdy,Conservative,York Outer, 020 7219 7199
Rishi Sunak,Conservative,Richmond (Yorks), 020 7219 5437
Rt Hon Desmond Swayne,Conservative,New Forest West, 020 7219 4886
Rt Hon Hugo Swire,Conservative,East Devon, 020 7219 8173
Mr Robert Syms,Conservative,Poole, 020 7219 4601
Mark Tami,Labour,Alyn and Deeside, 020 7219 8174
Alison Thewliss,Scottish National Party,Glasgow Central, 020 7219 6447
Derek Thomas,Conservative,St Ives, 020 7219 4435
Gareth Thomas,Labour (Co-op),Harrow West, 020 7219 4243
Nick Thomas-Symonds,Labour,Torfaen, 020 7219 4294
Owen Thompson,Scottish National Party,Midlothian, 020 7219 5841
Michelle Thomson,Independent,Edinburgh West, 020 7219 6626
Emily Thornberry,Labour,Islington South and Finsbury, 020 7219 5676
Maggie Throup,Conservative,Erewash, 020 7219 6571
Rt Hon Stephen Timms,Labour,East Ham, 020 7219 4000
Edward Timpson,Conservative,Crewe and Nantwich, 020 7219 8027
Kelly Tolhurst,Conservative,Rochester and Strood, 020 7219 5387
Justin Tomlinson,Conservative,North Swindon, 020 7219 7167
Michael Tomlinson,Conservative,Mid Dorset and North Poole, 020 7219 5844
Craig Tracey,Conservative,North Warwickshire, 020 7219 5646
David Tredinnick,Conservative,Bosworth, 020 7219 4514
Mrs Anne-Marie Trevelyan,Conservative,Berwick-upon-Tweed, 020 7219 4437
Jon Trickett,Labour,Hemsworth, 020 7219 5074
Rt Hon Elizabeth Truss,Conservative,South West Norfolk, 020 7219 7151
Tom Tugendhat,Conservative,Tonbridge and Malling, 020 7219 4727
Anna Turley,Labour (Co-op),Redcar, 020 7219 5441
Mr Andrew Turner,Conservative,Isle of Wight, 020 7219 8490
Karl Turner,Labour,Kingston upon Hull East, 020 7219 7088
Derek Twigg,Labour,Halton, 020 7219 1039
Stephen Twigg,Labour (Co-op),"Liverpool, West Derby", 020 7219 7103
Rt Hon Andrew Tyrie,Conservative,Chichester, 020 7219 6371
Mr Chuka Umunna,Labour,Streatham, 020 7219 3000
Mr Edward Vaizey,Conservative,Wantage, 020 7219 6350
Mr Shailesh Vara,Conservative,North West Cambridgeshire, 020 7219 6050
Rt Hon Keith Vaz,Labour,Leicester East, 020 7219 4605
Valerie Vaz,Labour,Walsall South, 020 7219 7176
Martin Vickers,Conservative,Cleethorpes, 020 7219 7212
Rt Hon Theresa Villiers,Conservative,Chipping Barnet, 020 8449 7345
Mr Charles Walker,Conservative,Broxbourne, 020 7219 0338
Mr Robin Walker,Conservative,Worcester, 020 7219 7196
Mr Ben Wallace,Conservative,Wyre and Preston North, 020 7219 5804
David Warburton,Conservative,Somerton and Frome, 020 7219 5229
Matt Warman,Conservative,Boston and Skegness, 020 7219 8643
Dame Angela Watkinson,Conservative,Hornchurch and Upminster, 020 7219 8267
Tom Watson,Labour,West Bromwich East, 020 7219 8335
Mike Weir,Scottish National Party,Angus, 020 7219 8125
Catherine West,Labour,Hornsey and Wood Green, 020 7219 6141
James Wharton,Conservative,Stockton South, 020 7219 7236
Helen Whately,Conservative,Faversham and Mid Kent, 020 7219 6472
Heather Wheeler,Conservative,South Derbyshire, 020 7219 1184
Chris White,Conservative,Warwick and Leamington, 020 7219 7201
Dr Eilidh Whiteford,Scottish National Party,Banff and Buchan, 020 7219 7005
Dr Alan Whitehead,Labour,"Southampton, Test", 020 7219 5517
Dr Philippa Whitford,Scottish National Party,Central Ayrshire, 020 7219 8158
Craig Whittaker,Conservative,Calder Valley, 020 7219 7031
Rt Hon John Whittingdale,Conservative,Maldon, 020 7219 3557
Bill Wiggin,Conservative,North Herefordshire, 020 7219 8175
Craig Williams,Conservative,Cardiff North, 020 7219 8245
Hywel Williams,Plaid Cymru,Arfon, 020 7219 8150
Mr Mark Williams,Liberal Democrat,Ceredigion, 020 7219 8469
Rt Hon Gavin Williamson,Conservative,South Staffordshire, 020 7219 7150
Corri Wilson,Scottish National Party,"Ayr, Carrick and Cumnock", 020 7219 8781
Phil Wilson,Labour,Sedgefield, 020 7219 4966
Mr Rob Wilson,Conservative,Reading East, 020 7219 2498
Sammy Wilson,Democratic Unionist Party,East Antrim, 020 7219 8523
Mr David Winnick,Labour,Walsall North, 020 7219 5003
Rt Hon Dame  Rosie Winterton,Labour,Doncaster Central, 020 7219 3000
Pete Wishart,Scottish National Party,Perth and North Perthshire, 020 7219 8303
Dr Sarah Wollaston,Conservative,Totnes, 020 7219 5129
Mike Wood,Conservative,Dudley South, 020 7219 6982
John Woodcock,Labour (Co-op),Barrow and Furness, 020 7219 3000
William Wragg,Conservative,Hazel Grove,NA
Mr Iain Wright,Labour,Hartlepool, 020 7219 5587
Rt Hon Jeremy Wright QC,Conservative,Kenilworth and Southam, 020 7219 2008
Nadhim Zahawi,Conservative,Stratford-on-Avon, 020 7219 7159
Daniel Zeichner,Labour,Cambridge, 020 7219 8462
